FID,compriment_via,largura_via,velocid_limite,fluxo_carros,velocid_carros
1,107.65,3,50,223,49
2,107.65,3,50,223,49
3,107.65,3,50,223,49
4,213.28,4,30,740,35
5,213.28,4,30,740,35
6,109.19,2,50,330,26
7,109.19,2,50,330,26
8,159.47,4,30,242,30
9,159.47,4,30,242,30
10,20.38,4,50,307.5,33
11,20.38,4,50,307.5,33
12,20.38,4,50,307.5,33
13,20.38,4,50,307.5,33
14,20.38,4,50,307.5,33
15,20.38,4,50,307.5,33
16,13.66,2,50,355,36
17,13.66,2,50,355,36
18,85.18,1,50,443,39
19,20.63,1,50,443,39
20,29.57,3,30,268.5,26.5
21,29.57,3,30,268.5,26.5
22,122.67,3,50,390.3333333333333,53.333333333333336
23,122.67,3,50,390.3333333333333,53.333333333333336
24,122.67,3,50,390.3333333333333,53.333333333333336
25,82.28,4,50,360,52.5
26,82.28,4,50,360,52.5
27,11.4,3,50,428.5,45.5
28,11.4,3,50,428.5,45.5
29,15.99,3,50,1148.75,60.5
30,15.99,3,50,1148.75,60.5
31,15.99,3,50,1148.75,60.5
32,15.99,3,50,1148.75,60.5
33,37.62,2,50,1148.75,60.5
34,37.62,2,50,1148.75,60.5
35,33.57,2,50,1148.75,60.5
36,33.57,2,50,1148.75,60.5
37,33.57,2,50,1148.75,60.5
38,33.57,2,50,1148.75,60.5
39,199.49,2,50,539.5,38
40,199.49,2,50,539.5,38
41,29.49,4,50,831,41
42,29.49,4,50,831,41
43,136.11,4,50,436.5,56
44,136.11,4,50,436.5,56
45,12.63,3,30,268.5,26.5
46,12.63,3,30,268.5,26.5
47,11.09,3,30,268.5,26.5
48,11.09,3,30,268.5,26.5
49,14.67,2,50,470,21.5
50,14.67,2,50,470,21.5
51,14.55,2,50,343.5,45.75
52,14.55,2,50,343.5,45.75
53,14.55,2,50,343.5,45.75
54,14.55,2,50,343.5,45.75
55,41.21,2,30,367.5,30
56,41.21,2,30,367.5,30
57,18.81,2,30,336.5,32
58,18.81,2,30,336.5,32
59,17.46,2,30,336.5,32
60,17.46,2,30,336.5,32
61,30.49,2,30,336.5,32
62,30.49,2,30,336.5,32
63,29.14,2,30,336.5,32
64,29.14,2,30,336.5,32
65,19.43,1,30,336.5,32
66,19.43,1,30,336.5,32
67,11.14,2,30,415.6666666666667,32
68,11.14,2,30,415.6666666666667,32
69,11.14,2,30,415.6666666666667,32
70,11.14,2,30,415.6666666666667,32
71,11.14,2,30,415.6666666666667,32
72,16.66,2,30,415.6666666666667,32
73,16.66,2,30,415.6666666666667,32
74,16.66,2,30,415.6666666666667,32
75,16.66,2,30,415.6666666666667,32
76,16.66,2,30,415.6666666666667,32
77,33.35,4,30,367.5,30
78,33.35,4,30,367.5,30
79,49.72,2,30,352,31
80,49.72,2,30,352,31
81,24.27,2,30,367.5,30
82,24.27,2,30,367.5,30
83,26.82,4,30,367.5,30
84,26.82,4,30,367.5,30
85,124.47,4,50,544,29.5
86,124.47,4,50,544,29.5
87,43.92,4,50,831,41
88,43.92,4,50,831,41
89,37.43,4,50,250.66666666666663,35
90,37.43,4,50,250.66666666666663,35
91,37.43,4,50,250.66666666666663,35
92,6.57,4,50,250.66666666666663,35
93,6.57,4,50,250.66666666666663,35
94,6.57,4,50,250.66666666666663,35
95,6.57,4,50,250.66666666666663,35
96,6.57,4,50,250.66666666666663,35
97,6.57,4,50,250.66666666666663,35
98,6.57,4,50,250.66666666666663,35
99,6.57,4,50,250.66666666666663,35
100,6.57,4,50,250.66666666666663,35
101,177.02,2,50,365,50.25
102,177.02,2,50,365,50.25
103,177.02,2,50,365,50.25
104,177.02,2,50,365,50.25
105,119.46,2,50,258,44
106,39.41,2,50,258,44
107,7.57,2,50,317.5,47
108,7.57,2,50,317.5,47
109,30.34,2,50,317.5,47
110,30.34,2,50,317.5,47
111,71.57,2,50,85.5,52
112,72.17,2,50,301,44
113,72.17,2,50,301,44
114,145.98,4,30,428,36
115,145.98,4,30,428,36
116,51.57,3,50,292.5,26.5
117,51.57,3,50,292.5,26.5
118,51.57,3,50,292.5,26.5
119,179.42,2,30,318.5,43.5
120,179.42,2,30,318.5,43.5
121,42.6,2,30,288,25
122,42.6,2,30,288,25
123,42.6,2,30,288,25
124,213.33,2,50,382.5,47
125,213.33,2,50,382.5,47
126,28.94,2,50,85.5,52
127,28.94,2,50,85.5,52
128,29.87,2,50,235,35.5
129,29.87,2,50,235,35.5
130,29.87,2,50,235,35.5
131,29.87,2,50,235,35.5
132,29.87,2,50,235,35.5
133,29.87,2,50,235,35.5
134,30.65,4,30,556,31
135,30.65,4,30,556,31
136,30.65,4,30,556,31
137,30.65,4,30,556,31
138,37.4,4,30,556,31
139,37.4,4,30,556,31
140,37.4,4,30,556,31
141,37.4,4,30,556,31
142,18.5,2,30,415.6666666666667,32
143,18.5,2,30,415.6666666666667,32
144,18.5,2,30,415.6666666666667,32
145,18.5,2,30,415.6666666666667,32
146,18.5,2,30,415.6666666666667,32
147,337.57,3,50,298,50.5
148,337.57,3,50,298,50.5
149,89.25,2,50,317.5,47
150,89.25,2,50,317.5,47
151,13.99,2,50,317.5,47
152,13.99,2,50,317.5,47
153,25.23,2,50,449,44.5
154,25.23,2,50,449,44.5
155,24.56,2,50,460,42
156,31.03,2,50,460,42
157,20.38,2,50,460,42
158,105.46,2,50,426,26
159,105.46,2,50,426,26
160,18.49,2,50,85.5,52
161,18.49,2,50,85.5,52
162,182.37,4,30,513,32.75
163,182.37,4,30,513,32.75
164,182.37,4,30,513,32.75
165,182.37,4,30,513,32.75
166,33.71,2,50,461.5,47.75
167,33.71,2,50,461.5,47.75
168,33.71,2,50,461.5,47.75
169,33.71,2,50,461.5,47.75
170,84.71,4,50,276.5,23
171,84.71,4,50,276.5,23
172,84.71,4,50,276.5,23
173,84.71,4,50,276.5,23
174,84.71,4,50,276.5,23
175,84.71,4,50,276.5,23
176,84.71,4,50,276.5,23
177,84.71,4,50,276.5,23
178,84.71,4,50,276.5,23
179,84.71,4,50,276.5,23
180,84.71,4,50,276.5,23
181,84.71,4,50,276.5,23
182,48.82,1,50,603,32
183,75.03,2,50,168,14.666666666666666
184,75.03,2,50,168,14.666666666666666
185,75.03,2,50,168,14.666666666666666
186,75.03,2,50,168,14.666666666666666
187,20.82,4,50,307.5,33
188,20.82,4,50,307.5,33
189,20.82,4,50,307.5,33
190,20.82,4,50,307.5,33
191,20.82,4,50,307.5,33
192,20.82,4,50,307.5,33
193,16.05,4,30,740,35
194,16.05,4,30,740,35
195,22.18,2,50,271,43
196,22.18,2,50,271,43
197,62.32,4,30,732.5,42
198,62.32,4,30,732.5,42
199,62.32,4,30,732.5,42
200,62.32,4,30,732.5,42
201,397.28,2,60,620,51.5
202,397.28,2,60,620,51.5
203,146.53,4,50,332.5,41
204,146.53,4,50,332.5,41
205,18.77,3,50,417.2,37.6
206,18.77,3,50,417.2,37.6
207,18.77,3,50,417.2,37.6
208,18.77,3,50,417.2,37.6
209,18.77,3,50,417.2,37.6
210,18.77,3,50,417.2,37.6
211,26.24,2,50,295.5,30
212,26.24,2,50,295.5,30
213,26.24,2,50,295.5,30
214,56.01,2,50,295.5,30
215,56.01,2,50,295.5,30
216,56.01,2,50,295.5,30
217,97.23,2,50,290,55.5
218,97.23,2,50,290,55.5
219,70.2,2,50,539.5,38
220,70.2,2,50,539.5,38
221,21.28,4,30,732.5,42
222,21.28,4,30,732.5,42
223,50.65,4,50,364,61
224,50.65,4,50,364,61
225,115.19,6,50,479,52.5
226,115.19,6,50,479,52.5
227,76.13,2,50,248.5,40
228,76.13,2,50,248.5,40
229,28.76,2,50,168,14.666666666666666
230,28.76,2,50,168,14.666666666666666
231,97.98,2,50,477,44
232,146.62,2,50,426,26
233,146.62,2,50,426,26
234,28.84,4,30,242,30
235,28.84,4,30,242,30
236,5.82,4,50,250.66666666666663,35
237,5.82,4,50,250.66666666666663,35
238,5.82,4,50,250.66666666666663,35
239,5.82,4,50,250.66666666666663,35
240,5.82,4,50,250.66666666666663,35
241,5.82,4,50,250.66666666666663,35
242,96.77,2,50,483,50.5
243,96.77,2,50,483,50.5
244,122.38,3,50,241.6,51
245,122.38,3,50,241.6,51
246,122.38,3,50,241.6,51
247,24.25,4,30,242,30
248,24.25,4,30,242,30
249,22.51,2,50,248.5,40
250,22.51,2,50,248.5,40
251,43.69,4,30,740,35
252,43.69,4,30,740,35
253,128.48,3,50,417.2,37.6
254,128.48,3,50,417.2,37.6
255,128.48,3,50,417.2,37.6
256,128.48,3,50,417.2,37.6
257,128.48,3,50,417.2,37.6
258,128.48,3,50,417.2,37.6
259,42.18,1,50,603,32
260,45.8,1,30,249.5,23.5
261,45.8,1,30,249.5,23.5
262,22.32,1,50,603,32
263,10.92,4,50,307.5,33
264,10.92,4,50,307.5,33
265,10.92,4,50,307.5,33
266,10.92,4,50,307.5,33
267,10.92,4,50,307.5,33
268,10.92,4,50,307.5,33
269,41.37,2,50,271,43
270,41.37,2,50,271,43
271,24.02,1,30,249.5,23.5
272,24.02,1,30,249.5,23.5
273,40.77,1,50,603,32
274,16.03,2,50,250.66666666666663,35
275,16.03,2,50,250.66666666666663,35
276,16.03,2,50,250.66666666666663,35
277,16.03,2,50,250.66666666666663,35
278,16.03,2,50,250.66666666666663,35
279,16.03,2,50,250.66666666666663,35
280,140.77,2,50,317.5,57
281,140.77,2,50,317.5,57
282,27.59,2,50,248.5,40
283,27.59,2,50,248.5,40
284,92.97,2,50,284,44.25
285,92.97,2,50,284,44.25
286,92.97,2,50,284,44.25
287,92.97,2,50,284,44.25
288,209.16,2,30,214,42
289,209.16,2,30,214,42
290,78,2,50,248.5,40
291,78,2,50,248.5,40
292,241.63,2,50,355.5,62.5
293,241.63,2,50,355.5,62.5
294,96.79,2,50,603,32
295,130.27,2,50,614,45
296,130.27,2,50,614,45
297,79.79,2,50,449,44.5
298,40,2,50,272.5,68.5
299,40,2,50,272.5,68.5
300,39.11,2,50,272.5,68.5
301,39.11,2,50,272.5,68.5
302,50.9,5,50,423,38.5
303,50.9,5,50,423,38.5
304,49.09,2,50,182.5,14.5
305,49.09,2,50,182.5,14.5
306,19.13,3,50,340,49
307,19.13,3,50,340,49
308,19.13,3,50,340,49
309,58.58,5,50,423,38.5
310,58.58,5,50,423,38.5
311,81.22,5,50,423,38.5
312,81.22,5,50,423,38.5
313,102.36,2,50,452,45.5
314,102.36,2,50,452,45.5
315,79.74,3,50,328.3333333333333,49.333333333333336
316,79.74,3,50,328.3333333333333,49.333333333333336
317,79.74,3,50,328.3333333333333,49.333333333333336
318,149.58,4,50,370.6666666666667,44.666666666666664
319,149.58,4,50,370.6666666666667,44.666666666666664
320,149.58,4,50,370.6666666666667,44.666666666666664
321,149.58,4,50,370.6666666666667,44.666666666666664
322,149.58,4,50,370.6666666666667,44.666666666666664
323,149.58,4,50,370.6666666666667,44.666666666666664
324,78.06,3,50,328.3333333333333,49.333333333333336
325,78.06,3,50,328.3333333333333,49.333333333333336
326,78.06,3,50,328.3333333333333,49.333333333333336
327,281.48,3,50,309.6666666666667,56.666666666666664
328,281.48,3,50,309.6666666666667,56.666666666666664
329,281.48,3,50,309.6666666666667,56.666666666666664
330,175.17,3,50,355.6666666666667,47.333333333333336
331,175.17,3,50,355.6666666666667,47.333333333333336
332,175.17,3,50,355.6666666666667,47.333333333333336
333,199.21,2,50,354,39.166666666666664
334,199.21,2,50,354,39.166666666666664
335,199.21,2,50,354,39.166666666666664
336,172.76,2,30,346.25,33
337,172.76,2,30,346.25,33
338,172.76,2,30,346.25,33
339,172.76,2,30,346.25,33
340,12.67,3,30,313.3333333333333,32
341,12.67,3,30,313.3333333333333,32
342,12.67,3,30,313.3333333333333,32
343,84.24,4,50,332,37.2
344,84.24,4,50,332,37.2
345,84.24,4,50,332,37.2
346,84.24,4,50,332,37.2
347,84.24,4,50,332,37.2
348,84.24,4,50,332,37.2
349,109.95,3,30,319.2,42
350,109.95,3,30,319.2,42
351,109.95,3,30,319.2,42
352,109.95,3,30,319.2,42
353,109.95,3,30,319.2,42
354,111.57,3,30,319.2,42
355,111.57,3,30,319.2,42
356,111.57,3,30,319.2,42
357,111.57,3,30,319.2,42
358,111.57,3,30,319.2,42
359,159.43,2,50,199,22
360,159.43,2,50,199,22
361,180.85,2,50,199,22
362,180.85,2,50,199,22
363,188.03,2,50,199,22
364,188.03,2,50,199,22
365,213.28,4,30,740,35
366,213.28,4,30,740,35
367,109.19,2,50,330,26
368,109.19,2,50,330,26
369,159.47,4,30,242,30
370,159.47,4,30,242,30
371,20.38,4,50,307.5,33
372,20.38,4,50,307.5,33
373,20.38,4,50,307.5,33
374,20.38,4,50,307.5,33
375,20.38,4,50,307.5,33
376,20.38,4,50,307.5,33
377,13.66,2,50,355,36
378,13.66,2,50,355,36
379,36.74,2,50,355,36
380,36.74,2,50,355,36
381,28.6,3,50,355,36
382,28.6,3,50,355,36
383,61.06,2,50,279,66
384,61.06,2,50,279,66
385,92,2,50,355,36
386,92,2,50,355,36
387,103.87,2,50,279,66
388,103.87,2,50,279,66
389,60.91,2,50,279,66
390,60.91,2,50,279,66
391,105.98,2,50,279,66
392,105.98,2,50,279,66
393,18.63,1,50,443,39
394,86.75,1,50,443,39
395,29.57,3,50,268.5,26.5
396,29.57,3,50,268.5,26.5
397,209.99,3,50,309.5,50
398,209.99,3,50,309.5,50
399,209.99,3,50,309.5,50
400,210.09,3,50,309.5,50
401,210.09,3,50,309.5,50
402,210.09,3,50,309.5,50
403,180.12,3,50,308.3333333333333,62.666666666666664
404,180.12,3,50,308.3333333333333,62.666666666666664
405,180.12,3,50,308.3333333333333,62.666666666666664
406,129.12,2,60,463,52.5
407,129.12,2,60,463,52.5
408,164.44,3,60,463,52.5
409,164.44,3,60,463,52.5
410,38.42,2,50,327.5,54
411,38.42,2,50,327.5,54
412,18,2,50,327.5,54
413,18,2,50,327.5,54
414,129.51,3,50,381.5,52
415,129.51,3,50,381.5,52
416,105.64,2,50,416.2,45.6
417,105.64,2,50,416.2,45.6
418,105.64,2,50,416.2,45.6
419,48.21,3,70,296.5,55.5
420,48.21,3,70,296.5,55.5
421,43.54,3,70,296.5,55.5
422,43.54,3,70,296.5,55.5
423,148.5,2,50,298,46.5
424,148.5,2,50,298,46.5
425,147.17,2,50,298,46.5
426,147.17,2,50,298,46.5
427,93.86,2,50,261,45
428,93.86,2,50,261,45
429,92.17,3,50,261,45
430,92.17,3,50,261,45
431,82.28,4,50,360,52.5
432,82.28,4,50,360,52.5
433,260.87,2,50,513.6,54
434,260.87,2,50,513.6,54
435,260.87,2,50,513.6,54
436,260.87,2,50,513.6,54
437,260.87,2,50,513.6,54
438,48.24,2,30,351.5,25.5
439,48.24,2,30,351.5,25.5
440,48.24,2,30,351.5,25.5
441,48.24,2,30,351.5,25.5
442,48.49,2,30,351.5,25.5
443,48.49,2,30,351.5,25.5
444,48.49,2,30,351.5,25.5
445,48.49,2,30,351.5,25.5
446,105.32,2,50,234.25,27.5
447,105.32,2,50,234.25,27.5
448,125.5,3,50,374.3333333333333,38.666666666666664
449,125.5,3,50,374.3333333333333,38.666666666666664
450,125.5,3,50,374.3333333333333,38.666666666666664
451,126.79,3,50,374.3333333333333,38.666666666666664
452,126.79,3,50,374.3333333333333,38.666666666666664
453,126.79,3,50,374.3333333333333,38.666666666666664
454,102.31,3,50,454.6666666666667,44.333333333333336
455,102.31,3,50,454.6666666666667,44.333333333333336
456,102.31,3,50,454.6666666666667,44.333333333333336
457,51.71,4,50,474,45.5
458,51.71,4,50,474,45.5
459,58.91,2,50,508,48.5
460,58.91,2,50,508,48.5
461,11.4,3,50,428.5,45.5
462,11.4,3,50,428.5,45.5
463,110.12,3,50,428.5,45.5
464,110.12,3,50,428.5,45.5
465,100.11,2,50,450,45
466,100.11,2,50,450,45
467,94.17,2,50,508,48.5
468,94.17,2,50,508,48.5
469,15.99,3,50,1148.75,60.5
470,15.99,3,50,1148.75,60.5
471,15.99,3,50,1148.75,60.5
472,15.99,3,50,1148.75,60.5
473,37.62,2,50,1148.75,60.5
474,37.62,2,50,1148.75,60.5
475,33.57,2,50,1148.75,60.5
476,33.57,2,50,1148.75,60.5
477,33.57,2,50,1148.75,60.5
478,33.57,2,50,1148.75,60.5
479,199.49,2,50,539.5,38
480,199.49,2,50,539.5,38
481,29.49,4,50,831,41
482,29.49,4,50,831,41
483,181.19,2,50,318.3333333333333,43.333333333333336
484,181.19,2,50,318.3333333333333,43.333333333333336
485,181.19,2,50,318.3333333333333,43.333333333333336
486,177.57,3,50,318.3333333333333,43.333333333333336
487,177.57,3,50,318.3333333333333,43.333333333333336
488,177.57,3,50,318.3333333333333,43.333333333333336
489,126.31,2,50,317,41
490,126.31,2,50,317,41
491,75.92,1,30,617.5,28.5
492,75.92,1,30,617.5,28.5
493,75.92,1,30,617.5,28.5
494,75.92,1,30,617.5,28.5
495,392.25,2,50,562.2,52.8
496,392.25,2,50,562.2,52.8
497,392.25,2,50,562.2,52.8
498,392.25,2,50,562.2,52.8
499,392.25,2,50,562.2,52.8
500,136.11,4,50,436.5,56
501,136.11,4,50,436.5,56
502,74.3,3,50,369.3333333333333,32.666666666666664
503,74.3,3,50,369.3333333333333,32.666666666666664
504,74.3,3,50,369.3333333333333,32.666666666666664
505,107.22,3,50,354,39.166666666666664
506,107.22,3,50,354,39.166666666666664
507,107.22,3,50,354,39.166666666666664
508,101.23,2,50,462.5,39
509,101.23,2,50,462.5,39
510,45.22,3,30,313.3333333333333,32
511,45.22,3,30,313.3333333333333,32
512,45.22,3,30,313.3333333333333,32
513,140.3,2,50,513.6,54
514,140.3,2,50,513.6,54
515,140.3,2,50,513.6,54
516,140.3,2,50,513.6,54
517,140.3,2,50,513.6,54
518,259.97,2,50,562.2,52.8
519,259.97,2,50,562.2,52.8
520,259.97,2,50,562.2,52.8
521,259.97,2,50,562.2,52.8
522,12.63,3,50,268.5,26.5
523,12.63,3,50,268.5,26.5
524,11.09,3,50,268.5,26.5
525,11.09,3,50,268.5,26.5
526,32.58,2,50,470,21.5
527,32.58,2,50,470,21.5
528,45.8,2,50,470,21.5
529,45.8,2,50,470,21.5
530,14.67,2,50,470,21.5
531,14.67,2,50,470,21.5
532,14.55,2,50,343.5,45.75
533,14.55,2,50,343.5,45.75
534,14.55,2,50,343.5,45.75
535,14.55,2,50,343.5,45.75
536,41.21,2,30,367.5,30
537,41.21,2,30,367.5,30
538,178.35,2,50,315.5,51.5
539,178.35,2,50,315.5,51.5
540,38.08,5,50,423,38.5
541,38.08,5,50,423,38.5
542,57.33,4,50,332,37.2
543,57.33,4,50,332,37.2
544,57.33,4,50,332,37.2
545,57.33,4,50,332,37.2
546,57.33,4,50,332,37.2
547,57.33,4,50,332,37.2
548,47.82,3,50,242.66666666666663,31.666666666666668
549,47.82,3,50,242.66666666666663,31.666666666666668
550,47.82,3,50,242.66666666666663,31.666666666666668
551,15.72,3,50,242.66666666666663,31.666666666666668
552,15.72,3,50,242.66666666666663,31.666666666666668
553,15.72,3,50,242.66666666666663,31.666666666666668
554,41.64,2,50,502.75,41.25
555,41.64,2,50,502.75,41.25
556,124.47,4,50,544,29.5
557,124.47,4,50,544,29.5
558,43.92,4,50,831,41
559,43.92,4,50,831,41
560,37.43,4,50,250.66666666666663,35
561,37.43,4,50,250.66666666666663,35
562,37.43,4,50,250.66666666666663,35
563,28.6,3,50,176.5,11.5
564,28.6,3,50,176.5,11.5
565,28.6,3,50,176.5,11.5
566,50.61,3,50,273,22.5
567,50.61,3,50,273,22.5
568,215.04,3,50,309.6666666666667,56.666666666666664
569,215.04,3,50,309.6666666666667,56.666666666666664
570,54.35,3,50,523.5,42.5
571,54.35,3,50,523.5,42.5
572,142.59,2,50,489.5,33.5
573,142.59,2,50,489.5,33.5
574,177.02,2,50,365,50.25
575,177.02,2,50,365,50.25
576,177.02,2,50,365,50.25
577,177.02,2,50,365,50.25
578,19.53,2,50,182.5,14.5
579,19.53,2,50,182.5,14.5
580,32.24,2,50,182.5,14.5
581,32.24,2,50,182.5,14.5
582,188.03,4,50,308.3333333333333,62.666666666666664
583,188.03,4,50,308.3333333333333,62.666666666666664
584,188.03,4,50,308.3333333333333,62.666666666666664
585,176.54,3,50,308.3333333333333,62.666666666666664
586,176.54,3,50,308.3333333333333,62.666666666666664
587,176.54,3,50,308.3333333333333,62.666666666666664
588,179.09,3,50,355.6666666666667,47.333333333333336
589,179.09,3,50,355.6666666666667,47.333333333333336
590,179.09,3,50,355.6666666666667,47.333333333333336
591,53.76,3,50,242.66666666666663,31.666666666666668
592,53.76,3,50,242.66666666666663,31.666666666666668
593,53.76,3,50,242.66666666666663,31.666666666666668
594,60.48,4,50,565.6666666666666,34.666666666666664
595,60.48,4,50,565.6666666666666,34.666666666666664
596,60.48,4,50,565.6666666666666,34.666666666666664
597,60.48,4,50,565.6666666666666,34.666666666666664
598,60.48,4,50,565.6666666666666,34.666666666666664
599,60.48,4,50,565.6666666666666,34.666666666666664
600,119.46,2,50,258,44
601,39.41,2,50,258,44
602,27.76,4,50,332,37.2
603,27.76,4,50,332,37.2
604,27.76,4,50,332,37.2
605,11.04,2,50,317.5,47
606,11.04,2,50,317.5,47
607,16.62,2,50,447,40.333333333333336
608,16.62,2,50,447,40.333333333333336
609,16.62,2,50,447,40.333333333333336
610,37.92,2,50,447,40.333333333333336
611,37.92,2,50,447,40.333333333333336
612,37.92,2,50,447,40.333333333333336
613,88.02,3,50,337.6666666666667,49.666666666666664
614,88.02,3,50,337.6666666666667,49.666666666666664
615,88.02,3,50,337.6666666666667,49.666666666666664
616,22.8,3,70,205,23
617,22.8,3,70,205,23
618,22.8,3,70,205,23
619,37.99,3,70,205,23
620,37.99,3,70,205,23
621,37.99,3,70,205,23
622,43.49,2,50,404.5,46.5
623,43.49,2,50,404.5,46.5
624,71.57,2,50,85.5,52
625,72.17,2,50,301,44
626,72.17,2,50,301,44
627,137.91,2,50,321.3333333333333,55.666666666666664
628,137.91,2,50,321.3333333333333,55.666666666666664
629,137.91,2,50,321.3333333333333,55.666666666666664
630,8.61,3,50,296.3333333333333,40
631,8.61,3,50,296.3333333333333,40
632,8.61,3,50,296.3333333333333,40
633,182.27,3,50,296.3333333333333,40
634,182.27,3,50,296.3333333333333,40
635,182.27,3,50,296.3333333333333,40
636,56.65,1,30,425.5,28.5
637,56.65,1,30,425.5,28.5
638,24.63,1,30,425.5,28.5
639,24.63,1,30,425.5,28.5
640,51.01,1,30,425.5,28.5
641,51.01,1,30,425.5,28.5
642,80.91,3,30,164.5,39
643,80.91,3,30,164.5,39
644,80.91,3,30,164.5,39
645,80.91,3,30,164.5,39
646,80.91,3,30,164.5,39
647,63.76,3,50,206.33333333333337,51.333333333333336
648,63.76,3,50,206.33333333333337,51.333333333333336
649,63.76,3,50,206.33333333333337,51.333333333333336
650,59.77,2,50,206.33333333333337,51.333333333333336
651,59.77,2,50,206.33333333333337,51.333333333333336
652,59.77,2,50,206.33333333333337,51.333333333333336
653,70.62,2,50,127,43
654,70.62,2,50,127,43
655,206.82,3,50,497.1666666666667,36.666666666666664
656,206.82,3,50,497.1666666666667,36.666666666666664
657,206.82,3,50,497.1666666666667,36.666666666666664
658,206.82,3,50,497.1666666666667,36.666666666666664
659,206.82,3,50,497.1666666666667,36.666666666666664
660,206.82,3,50,497.1666666666667,36.666666666666664
661,200.34,3,50,355.6666666666667,47.333333333333336
662,200.34,3,50,355.6666666666667,47.333333333333336
663,200.34,3,50,355.6666666666667,47.333333333333336
664,198.42,3,50,355.6666666666667,47.333333333333336
665,198.42,3,50,355.6666666666667,47.333333333333336
666,198.42,3,50,355.6666666666667,47.333333333333336
667,95.56,3,50,164.5,39
668,95.56,3,50,164.5,39
669,95.56,3,50,164.5,39
670,95.56,3,50,164.5,39
671,95.56,3,50,164.5,39
672,41.07,3,50,164.5,39
673,207.36,3,50,497.1666666666667,36.666666666666664
674,207.36,3,50,497.1666666666667,36.666666666666664
675,207.36,3,50,497.1666666666667,36.666666666666664
676,207.36,3,50,497.1666666666667,36.666666666666664
677,207.36,3,50,497.1666666666667,36.666666666666664
678,207.36,3,50,497.1666666666667,36.666666666666664
679,41.3,3,70,205,23
680,41.3,3,70,205,23
681,41.3,3,70,205,23
682,30.91,3,50,205,23
683,30.91,3,50,205,23
684,30.91,3,50,205,23
685,145.98,4,30,428,36
686,145.98,4,30,428,36
687,43.69,4,30,293.3333333333333,32.666666666666664
688,43.69,4,30,293.3333333333333,32.666666666666664
689,43.69,4,30,293.3333333333333,32.666666666666664
690,42.26,3,30,293.3333333333333,32.666666666666664
691,42.26,3,30,293.3333333333333,32.666666666666664
692,159.55,2,50,390.75,36.75
693,159.55,2,50,390.75,36.75
694,159.55,2,50,390.75,36.75
695,159.55,2,50,390.75,36.75
696,156.95,2,50,390.75,36.75
697,156.95,2,50,390.75,36.75
698,156.95,2,50,390.75,36.75
699,156.95,2,50,390.75,36.75
700,101.65,2,50,502.75,41.25
701,101.65,2,50,502.75,41.25
702,101.65,2,50,502.75,41.25
703,101.65,2,50,502.75,41.25
704,100.56,2,50,786,38
705,100.56,2,50,786,38
706,100.56,2,50,786,38
707,100.56,2,50,786,38
708,127.92,2,50,280.5,22
709,127.92,2,50,280.5,22
710,104.51,3,50,273,22.5
711,104.51,3,50,273,22.5
712,47.01,4,50,565.6666666666666,34.666666666666664
713,47.01,4,50,565.6666666666666,34.666666666666664
714,47.01,4,50,565.6666666666666,34.666666666666664
715,47.26,4,50,565.6666666666666,34.666666666666664
716,47.26,4,50,565.6666666666666,34.666666666666664
717,47.26,4,50,565.6666666666666,34.666666666666664
718,47.26,4,50,565.6666666666666,34.666666666666664
719,47.26,4,50,565.6666666666666,34.666666666666664
720,47.26,4,50,565.6666666666666,34.666666666666664
721,68.23,2,50,138,54
722,68.23,2,50,138,54
723,81.28,1,50,461.5,47.75
724,81.28,1,50,461.5,47.75
725,81.28,1,50,461.5,47.75
726,81.28,1,50,461.5,47.75
727,25.7,2,50,470,21.5
728,25.7,2,50,470,21.5
729,179.42,2,30,318.5,43.5
730,179.42,2,30,318.5,43.5
731,75.47,2,50,260.3333333333333,35
732,75.47,2,50,260.3333333333333,35
733,75.47,2,50,260.3333333333333,35
734,26.84,2,50,470,21.5
735,26.84,2,50,470,21.5
736,35.61,2,50,273,22.5
737,35.61,2,50,273,22.5
738,125.49,2,50,1135,27
739,125.49,2,50,1135,27
740,42.6,2,30,288,25
741,42.6,2,30,288,25
742,42.6,2,30,288,25
743,90.83,3,30,467.5,34.5
744,90.83,3,30,467.5,34.5
745,225.06,2,50,219,8
746,225.06,2,50,219,8
747,151.63,3,50,488.5,45.5
748,151.63,3,50,488.5,45.5
749,77.3,2,50,397.5,13
750,77.3,2,50,397.5,13
751,75.59,2,50,397.5,13
752,75.59,2,50,397.5,13
753,111.17,3,50,223,49
754,111.17,3,50,223,49
755,111.17,3,50,223,49
756,86.94,2,50,436.5,37
757,86.94,2,50,436.5,37
758,213.33,2,50,382.5,47
759,213.33,2,50,382.5,47
760,16.3,3,50,343.5,45.75
761,16.3,3,50,343.5,45.75
762,16.3,3,50,343.5,45.75
763,16.3,3,50,343.5,45.75
764,130.8,3,50,343.5,45.75
765,130.8,3,50,343.5,45.75
766,130.8,3,50,343.5,45.75
767,130.8,3,50,343.5,45.75
768,224.09,2,50,343.5,45.75
769,224.09,2,50,343.5,45.75
770,224.09,2,50,343.5,45.75
771,224.09,2,50,343.5,45.75
772,13.34,2,50,343.5,45.75
773,13.34,2,50,343.5,45.75
774,13.34,2,50,343.5,45.75
775,13.34,2,50,343.5,45.75
776,115,3,50,310.5,50.5
777,115,3,50,310.5,50.5
778,28.94,2,50,85.5,52
779,28.94,2,50,85.5,52
780,30.65,4,30,556,31
781,30.65,4,30,556,31
782,30.65,4,30,556,31
783,30.65,4,30,556,31
784,37.4,4,30,556,31
785,37.4,4,30,556,31
786,37.4,4,30,556,31
787,37.4,4,30,556,31
788,41.9,3,50,176.5,11.5
789,41.9,3,50,176.5,11.5
790,41.9,3,50,176.5,11.5
791,85.65,2,50,357.75,38.5
792,85.65,2,50,357.75,38.5
793,85.65,2,50,357.75,38.5
794,85.65,2,50,357.75,38.5
795,89.13,1,50,786,38
796,89.13,1,50,786,38
797,89.13,1,50,786,38
798,89.13,1,50,786,38
799,26.81,1,50,786,38
800,26.81,1,50,786,38
801,86.69,2,50,502.75,41.25
802,86.69,2,50,502.75,41.25
803,86.69,2,50,502.75,41.25
804,86.69,2,50,502.75,41.25
805,26.24,2,50,502.75,41.25
806,26.24,2,50,502.75,41.25
807,26.24,2,50,502.75,41.25
808,26.24,2,50,502.75,41.25
809,41.36,3,50,436,43
810,41.36,3,50,436,43
811,41.36,3,50,436,43
812,7.57,2,50,397.5,13
813,7.57,2,50,397.5,13
814,71.55,2,50,388.5,41
815,71.55,2,50,388.5,41
816,71.55,2,50,388.5,41
817,71.55,2,50,388.5,41
818,94.93,2,50,388.5,41
819,94.93,2,50,388.5,41
820,94.93,2,50,388.5,41
821,94.93,2,50,388.5,41
822,93.04,2,50,388.5,41
823,93.04,2,50,388.5,41
824,93.04,2,50,388.5,41
825,93.04,2,50,388.5,41
826,72.92,2,50,388.5,41
827,72.92,2,50,388.5,41
828,72.92,2,50,388.5,41
829,72.92,2,50,388.5,41
830,74.36,2,50,388.5,41
831,74.36,2,50,388.5,41
832,74.36,2,50,388.5,41
833,74.36,2,50,388.5,41
834,334.8,2,50,298,50.5
835,334.8,2,50,298,50.5
836,86.8,4,50,276.5,23
837,86.8,4,50,276.5,23
838,86.8,4,50,276.5,23
839,86.8,4,50,276.5,23
840,86.8,4,50,276.5,23
841,86.8,4,50,276.5,23
842,86.8,4,50,276.5,23
843,86.8,4,50,276.5,23
844,86.8,4,50,276.5,23
845,86.8,4,50,276.5,23
846,86.8,4,50,276.5,23
847,86.8,4,50,276.5,23
848,61.85,3,50,343.5,45.75
849,61.85,3,50,343.5,45.75
850,61.85,3,50,343.5,45.75
851,61.85,3,50,343.5,45.75
852,58.46,2,50,343.5,45.75
853,58.46,2,50,343.5,45.75
854,58.46,2,50,343.5,45.75
855,58.46,2,50,343.5,45.75
856,593.91,2,60,296.5,55.5
857,593.91,2,60,296.5,55.5
858,13.46,4,30,415.6666666666667,32
859,13.46,4,30,415.6666666666667,32
860,13.46,4,30,415.6666666666667,32
861,13.46,4,30,415.6666666666667,32
862,11.94,4,30,415.6666666666667,32
863,11.94,4,30,415.6666666666667,32
864,11.94,4,30,415.6666666666667,32
865,11.94,4,30,415.6666666666667,32
866,18.6,3,50,308.3333333333333,62.666666666666664
867,18.6,3,50,308.3333333333333,62.666666666666664
868,18.6,3,50,308.3333333333333,62.666666666666664
869,31.2,2,50,206.33333333333337,51.333333333333336
870,31.2,2,50,206.33333333333337,51.333333333333336
871,31.2,2,50,206.33333333333337,51.333333333333336
872,24.79,2,50,206.33333333333337,51.333333333333336
873,24.79,2,50,206.33333333333337,51.333333333333336
874,24.79,2,50,206.33333333333337,51.333333333333336
875,25.23,2,50,449,44.5
876,25.23,2,50,449,44.5
877,91.69,1,50,428.5,45.5
878,91.69,1,50,428.5,45.5
879,55.78,2,50,450,45
880,55.78,2,50,450,45
881,130.42,2,50,280.5,22
882,130.42,2,50,280.5,22
883,56.17,2,50,605,28
884,56.17,2,50,605,28
885,98.2,2,50,605,28
886,98.2,2,50,605,28
887,233.87,3,50,278.1666666666667,48
888,233.87,3,50,278.1666666666667,48
889,233.87,3,50,278.1666666666667,48
890,233.87,3,50,278.1666666666667,48
891,233.87,3,50,278.1666666666667,48
892,233.87,3,50,278.1666666666667,48
893,5.24,2,50,158.75,35.75
894,5.24,2,50,158.75,35.75
895,5.24,2,50,158.75,35.75
896,5.24,2,50,158.75,35.75
897,5.24,2,50,158.75,35.75
898,5.24,2,50,158.75,35.75
899,5.24,2,50,158.75,35.75
900,5.24,2,50,158.75,35.75
901,5.24,2,50,158.75,35.75
902,5.24,2,50,158.75,35.75
903,5.24,2,50,158.75,35.75
904,5.24,2,50,158.75,35.75
905,52.88,2,50,417.2,37.6
906,52.88,2,50,417.2,37.6
907,52.88,2,50,417.2,37.6
908,79.35,3,50,417.2,37.6
909,79.35,3,50,417.2,37.6
910,79.35,3,50,417.2,37.6
911,79.35,3,50,417.2,37.6
912,79.35,3,50,417.2,37.6
913,79.35,3,50,417.2,37.6
914,66.54,2,30,323,24
915,66.54,2,30,323,24
916,64.27,2,30,323,24
917,64.27,2,30,323,24
918,122.61,2,30,337.5,41.5
919,122.61,2,30,337.5,41.5
920,29.67,3,50,500.3333333333333,51.333333333333336
921,29.67,3,50,500.3333333333333,51.333333333333336
922,29.67,3,50,500.3333333333333,51.333333333333336
923,29.67,3,50,500.3333333333333,51.333333333333336
924,29.67,3,50,500.3333333333333,51.333333333333336
925,29.67,3,50,500.3333333333333,51.333333333333336
926,28.78,3,50,500.3333333333333,51.333333333333336
927,28.78,3,50,500.3333333333333,51.333333333333336
928,28.78,3,50,500.3333333333333,51.333333333333336
929,28.78,3,50,500.3333333333333,51.333333333333336
930,28.78,3,50,500.3333333333333,51.333333333333336
931,28.78,3,50,500.3333333333333,51.333333333333336
932,97.92,2,60,355,35
933,97.92,2,60,355,35
934,92.16,2,50,355,35
935,92.16,2,50,355,35
936,67.58,4,50,422.3333333333333,41.666666666666664
937,67.58,4,50,422.3333333333333,41.666666666666664
938,67.58,4,50,422.3333333333333,41.666666666666664
939,21.52,3,50,206.33333333333337,51.333333333333336
940,21.52,3,50,206.33333333333337,51.333333333333336
941,21.52,3,50,206.33333333333337,51.333333333333336
942,75.12,3,50,310.5,50.5
943,75.12,3,50,310.5,50.5
944,112.54,3,50,310.5,50.5
945,112.54,3,50,310.5,50.5
946,24.56,2,50,460,42
947,31.03,2,50,460,42
948,130.98,2,50,317.5,47
949,130.98,2,50,317.5,47
950,29.3,2,50,317.5,47
951,29.3,2,50,317.5,47
952,20.38,2,50,460,42
953,105.46,2,50,426,26
954,105.46,2,50,426,26
955,61.9,4,50,565.6666666666666,34.666666666666664
956,61.9,4,50,565.6666666666666,34.666666666666664
957,61.9,4,50,565.6666666666666,34.666666666666664
958,61.9,4,50,565.6666666666666,34.666666666666664
959,61.9,4,50,565.6666666666666,34.666666666666664
960,61.9,4,50,565.6666666666666,34.666666666666664
961,48.98,2,30,313.3333333333333,32
962,48.98,2,30,313.3333333333333,32
963,7.94,2,50,280.5,22
964,7.94,2,50,280.5,22
965,129.92,2,50,467,36
966,129.92,2,50,467,36
967,79.82,2,50,158.75,35.75
968,79.82,2,50,158.75,35.75
969,79.82,2,50,158.75,35.75
970,79.82,2,50,158.75,35.75
971,79.82,2,50,158.75,35.75
972,79.82,2,50,158.75,35.75
973,73,2,50,290,55.5
974,73,2,50,290,55.5
975,53.46,2,50,388.5,41
976,53.46,2,50,388.5,41
977,93.18,2,50,284,44.25
978,93.18,2,50,284,44.25
979,93.18,2,50,284,44.25
980,93.18,2,50,284,44.25
981,18.49,2,50,85.5,52
982,18.49,2,50,85.5,52
983,182.37,4,30,513,32.75
984,182.37,4,30,513,32.75
985,182.37,4,30,513,32.75
986,182.37,4,30,513,32.75
987,54.28,2,50,427.75,42.75
988,54.28,2,50,427.75,42.75
989,54.28,2,50,427.75,42.75
990,54.28,2,50,427.75,42.75
991,79.2,2,50,291.5,38.5
992,79.2,2,50,291.5,38.5
993,169.66,2,50,614,45
994,169.66,2,50,614,45
995,75.03,2,50,168,14.666666666666666
996,75.03,2,50,168,14.666666666666666
997,75.03,2,50,168,14.666666666666666
998,75.03,2,50,168,14.666666666666666
999,75.8,2,50,355,36
1000,75.8,2,50,355,36
1001,20.82,4,50,307.5,33
1002,20.82,4,50,307.5,33
1003,20.82,4,50,307.5,33
1004,20.82,4,50,307.5,33
1005,20.82,4,50,307.5,33
1006,20.82,4,50,307.5,33
1007,215.6,2,50,318.5,43.5
1008,215.6,2,50,318.5,43.5
1009,112.88,2,30,351.5,25.5
1010,112.88,2,30,351.5,25.5
1011,56.17,3,50,379.6666666666667,47.333333333333336
1012,56.17,3,50,379.6666666666667,47.333333333333336
1013,56.17,3,50,379.6666666666667,47.333333333333336
1014,9.31,2,50,272.5,68.5
1015,9.31,2,50,272.5,68.5
1016,16.05,4,30,740,35
1017,16.05,4,30,740,35
1018,38.53,3,50,176.5,11.5
1019,38.53,3,50,176.5,11.5
1020,38.53,3,50,176.5,11.5
1021,22.18,2,50,271,43
1022,22.18,2,50,271,43
1023,239.27,3,30,337.5,41.5
1024,239.27,3,30,337.5,41.5
1025,239.27,3,30,337.5,41.5
1026,239.27,3,30,337.5,41.5
1027,397.28,2,60,620,51.5
1028,397.28,2,60,620,51.5
1029,9.36,2,50,436.5,37
1030,9.36,2,50,436.5,37
1031,71.66,3,50,199,22
1032,71.66,3,50,199,22
1033,103.17,3,50,461.5,47.75
1034,103.17,3,50,461.5,47.75
1035,103.17,3,50,461.5,47.75
1036,103.17,3,50,461.5,47.75
1037,101.42,4,50,332.5,41
1038,101.42,4,50,332.5,41
1039,102.94,3,50,340,49
1040,102.94,3,50,340,49
1041,102.94,3,50,340,49
1042,44.49,1,30,425.5,28.5
1043,44.49,1,30,425.5,28.5
1044,152.71,2,50,387,48.5
1045,152.71,2,50,387,48.5
1046,26.24,2,50,295.5,30
1047,26.24,2,50,295.5,30
1048,26.24,2,50,295.5,30
1049,58,3,50,488.5,45.5
1050,58,3,50,488.5,45.5
1051,50.47,2,50,428.5,44
1052,50.47,2,50,428.5,44
1053,56.01,2,50,295.5,30
1054,56.01,2,50,295.5,30
1055,56.01,2,50,295.5,30
1056,92.17,2,50,461.5,47.75
1057,92.17,2,50,461.5,47.75
1058,134.53,2,50,260.3333333333333,35
1059,134.53,2,50,260.3333333333333,35
1060,134.53,2,50,260.3333333333333,35
1061,70.2,2,50,539.5,38
1062,70.2,2,50,539.5,38
1063,94.75,3,50,436,43
1064,94.75,3,50,436,43
1065,94.75,3,50,436,43
1066,52.83,2,50,338.5,57.5
1067,52.83,2,50,338.5,57.5
1068,115.74,3,50,381.5,52
1069,115.74,3,50,381.5,52
1070,142.61,2,50,387,48.5
1071,142.61,2,50,387,48.5
1072,50.65,4,50,364,61
1073,50.65,4,50,364,61
1074,113.75,3,50,414.5,42.833333333333336
1075,113.75,3,50,414.5,42.833333333333336
1076,113.75,3,50,414.5,42.833333333333336
1077,113.75,3,50,414.5,42.833333333333336
1078,113.75,3,50,414.5,42.833333333333336
1079,113.75,3,50,414.5,42.833333333333336
1080,108.16,2,50,348,41.5
1081,108.16,2,50,348,41.5
1082,75.72,3,50,436,43
1083,75.72,3,50,436,43
1084,75.72,3,50,436,43
1085,115.19,6,50,479,52.5
1086,115.19,6,50,479,52.5
1087,88.33,2,50,388.5,41
1088,88.33,2,50,388.5,41
1089,88.33,2,50,388.5,41
1090,88.33,2,50,388.5,41
1091,13.78,2,50,272.5,68.5
1092,13.78,2,50,272.5,68.5
1093,145.75,4,50,233,29
1094,145.75,4,50,233,29
1095,145.75,4,50,233,29
1096,27.28,2,50,138,54
1097,27.28,2,50,138,54
1098,105.11,2,50,318.5,43.5
1099,105.11,2,50,318.5,43.5
1100,90.39,2,50,357.75,38.5
1101,90.39,2,50,357.75,38.5
1102,28.76,2,50,168,14.666666666666666
1103,28.76,2,50,168,14.666666666666666
1104,159.53,2,50,497,48.5
1105,159.53,2,50,497,48.5
1106,27.15,2,50,158.75,35.75
1107,27.15,2,50,158.75,35.75
1108,27.15,2,50,158.75,35.75
1109,27.15,2,50,158.75,35.75
1110,27.15,2,50,158.75,35.75
1111,27.15,2,50,158.75,35.75
1112,27.15,2,50,158.75,35.75
1113,27.15,2,50,158.75,35.75
1114,27.15,2,50,158.75,35.75
1115,27.15,2,50,158.75,35.75
1116,27.15,2,50,158.75,35.75
1117,27.15,2,50,158.75,35.75
1118,97.98,2,50,477,44
1119,26.69,3,30,415.6666666666667,32
1120,26.69,3,30,415.6666666666667,32
1121,26.69,3,30,415.6666666666667,32
1122,26.69,3,30,415.6666666666667,32
1123,146.62,2,50,426,26
1124,146.62,2,50,426,26
1125,55.35,3,50,523.5,42.5
1126,55.35,3,50,523.5,42.5
1127,270.3,2,50,429,56
1128,270.3,2,50,429,56
1129,107.98,3,30,613,34.5
1130,107.98,3,30,613,34.5
1131,6.08,4,50,250.66666666666663,35
1132,6.08,4,50,250.66666666666663,35
1133,6.08,4,50,250.66666666666663,35
1134,6.08,4,50,250.66666666666663,35
1135,6.08,4,50,250.66666666666663,35
1136,6.08,4,50,250.66666666666663,35
1137,6.08,4,50,250.66666666666663,35
1138,6.08,4,50,250.66666666666663,35
1139,6.08,4,50,250.66666666666663,35
1140,77.61,2,50,317,41
1141,77.61,2,50,317,41
1142,52.57,3,30,732.5,42
1143,52.57,3,30,732.5,42
1144,52.57,3,30,732.5,42
1145,52.57,3,30,732.5,42
1146,126.43,2,30,346.25,33
1147,126.43,2,30,346.25,33
1148,126.43,2,30,346.25,33
1149,126.43,2,30,346.25,33
1150,102.06,2,50,348,41.5
1151,102.06,2,50,348,41.5
1152,62.66,2,50,615.5,48
1153,62.66,2,50,615.5,48
1154,28.84,4,30,242,30
1155,28.84,4,30,242,30
1156,51.9,3,50,388.5,41
1157,51.9,3,50,388.5,41
1158,11.64,3,30,732.5,42
1159,11.64,3,30,732.5,42
1160,58.43,3,30,613,34.5
1161,58.43,3,30,613,34.5
1162,96.77,2,50,483,50.5
1163,96.77,2,50,483,50.5
1164,175.77,2,50,428.5,44
1165,175.77,2,50,428.5,44
1166,34.58,3,30,164.5,39
1167,34.58,3,30,164.5,39
1168,34.58,3,30,164.5,39
1169,34.58,3,30,164.5,39
1170,34.58,3,30,164.5,39
1171,14.49,2,50,355,36
1172,14.49,2,50,355,36
1173,22.77,1,30,249.5,23.5
1174,22.77,1,30,249.5,23.5
1175,35.29,2,50,574,53
1176,35.29,2,50,574,53
1177,35.29,2,50,574,53
1178,35.29,2,50,574,53
1179,20.93,3,50,414.5,42.833333333333336
1180,20.93,3,50,414.5,42.833333333333336
1181,20.93,3,50,414.5,42.833333333333336
1182,121.55,2,50,278.1666666666667,48
1183,121.55,2,50,278.1666666666667,48
1184,121.55,2,50,278.1666666666667,48
1185,121.55,2,50,278.1666666666667,48
1186,121.55,2,50,278.1666666666667,48
1187,121.55,2,50,278.1666666666667,48
1188,70.05,2,50,250.66666666666663,35
1189,70.05,2,50,250.66666666666663,35
1190,70.05,2,50,250.66666666666663,35
1191,70.05,2,50,250.66666666666663,35
1192,70.05,2,50,250.66666666666663,35
1193,70.05,2,50,250.66666666666663,35
1194,57.59,2,50,467,36
1195,57.59,2,50,467,36
1196,47.88,2,50,234.25,27.5
1197,47.88,2,50,234.25,27.5
1198,47.88,2,50,234.25,27.5
1199,47.88,2,50,234.25,27.5
1200,30.11,2,50,138,54
1201,30.11,2,50,138,54
1202,24.25,4,30,242,30
1203,24.25,4,30,242,30
1204,75.76,1,30,617.5,28.5
1205,75.76,1,30,617.5,28.5
1206,75.76,1,30,617.5,28.5
1207,75.76,1,30,617.5,28.5
1208,43.69,4,30,740,35
1209,43.69,4,30,740,35
1210,37.81,3,50,500.3333333333333,51.333333333333336
1211,37.81,3,50,500.3333333333333,51.333333333333336
1212,37.81,3,50,500.3333333333333,51.333333333333336
1213,37.81,3,50,500.3333333333333,51.333333333333336
1214,37.81,3,50,500.3333333333333,51.333333333333336
1215,37.81,3,50,500.3333333333333,51.333333333333336
1216,131.9,2,50,497,48.5
1217,131.9,2,50,497,48.5
1218,102.35,2,50,574,53
1219,102.35,2,50,574,53
1220,102.35,2,50,574,53
1221,102.35,2,50,574,53
1222,202.75,3,50,503,43.5
1223,202.75,3,50,503,43.5
1224,45.8,1,30,249.5,23.5
1225,45.8,1,30,249.5,23.5
1226,76.17,2,50,436.5,37
1227,76.17,2,50,436.5,37
1228,150.28,4,50,332,37.2
1229,150.28,4,50,332,37.2
1230,150.28,4,50,332,37.2
1231,84.34,2,50,291.5,38.5
1232,84.34,2,50,291.5,38.5
1233,8.2,2,50,318.5,43.5
1234,8.2,2,50,318.5,43.5
1235,55.64,4,50,436,43
1236,55.64,4,50,436,43
1237,55.64,4,50,436,43
1238,147.66,3,50,414.5,42.833333333333336
1239,147.66,3,50,414.5,42.833333333333336
1240,147.66,3,50,414.5,42.833333333333336
1241,147.66,3,50,414.5,42.833333333333336
1242,147.66,3,50,414.5,42.833333333333336
1243,147.66,3,50,414.5,42.833333333333336
1244,36.53,2,50,437.5,59.5
1245,36.53,2,50,437.5,59.5
1246,85.27,3,50,333.3333333333333,38
1247,85.27,3,50,333.3333333333333,38
1248,85.27,3,50,333.3333333333333,38
1249,148.68,2,50,461.5,47.75
1250,148.68,2,50,461.5,47.75
1251,148.68,2,50,461.5,47.75
1252,148.68,2,50,461.5,47.75
1253,10.92,4,50,307.5,33
1254,10.92,4,50,307.5,33
1255,10.92,4,50,307.5,33
1256,10.92,4,50,307.5,33
1257,10.92,4,50,307.5,33
1258,10.92,4,50,307.5,33
1259,149.34,2,50,370.6666666666667,44.666666666666664
1260,149.34,2,50,370.6666666666667,44.666666666666664
1261,149.34,2,50,370.6666666666667,44.666666666666664
1262,73.21,3,50,427.75,42.75
1263,73.21,3,50,427.75,42.75
1264,73.21,3,50,427.75,42.75
1265,73.21,3,50,427.75,42.75
1266,41.37,2,50,271,43
1267,41.37,2,50,271,43
1268,120.1,2,50,118,24.666666666666668
1269,120.1,2,50,118,24.666666666666668
1270,120.1,2,50,118,24.666666666666668
1271,105.03,2,50,574,53
1272,105.03,2,50,574,53
1273,105.03,2,50,574,53
1274,105.03,2,50,574,53
1275,83.87,3,50,467.5,34.5
1276,83.87,3,50,467.5,34.5
1277,81.45,2,50,437.5,59.5
1278,81.45,2,50,437.5,59.5
1279,104.88,2,30,351.5,25.5
1280,104.88,2,30,351.5,25.5
1281,104.88,2,30,351.5,25.5
1282,104.88,2,30,351.5,25.5
1283,55.82,2,50,467,36
1284,55.82,2,50,467,36
1285,58.42,2,50,437.5,59.5
1286,58.42,2,50,437.5,59.5
1287,82.2,3,50,500.3333333333333,51.333333333333336
1288,82.2,3,50,500.3333333333333,51.333333333333336
1289,82.2,3,50,500.3333333333333,51.333333333333336
1290,105.16,2,50,416.2,45.6
1291,105.16,2,50,416.2,45.6
1292,105.16,2,50,416.2,45.6
1293,105.16,2,50,416.2,45.6
1294,105.16,2,50,416.2,45.6
1295,105.16,2,50,416.2,45.6
1296,36.66,3,50,436,43
1297,36.66,3,50,436,43
1298,36.66,3,50,436,43
1299,32.32,2,50,158.75,35.75
1300,32.32,2,50,158.75,35.75
1301,32.32,2,50,158.75,35.75
1302,32.32,2,50,158.75,35.75
1303,32.32,2,50,158.75,35.75
1304,32.32,2,50,158.75,35.75
1305,32.32,2,50,158.75,35.75
1306,32.32,2,50,158.75,35.75
1307,32.32,2,50,158.75,35.75
1308,32.32,2,50,158.75,35.75
1309,32.32,2,50,158.75,35.75
1310,32.32,2,50,158.75,35.75
1311,52.72,2,50,234.25,27.5
1312,52.72,2,50,234.25,27.5
1313,52.72,2,50,234.25,27.5
1314,52.72,2,50,234.25,27.5
1315,78.34,2,50,291.5,38.5
1316,78.34,2,50,291.5,38.5
1317,209.16,2,30,214,42
1318,209.16,2,30,214,42
1319,99.75,2,50,404.5,46.5
1320,99.75,2,50,404.5,46.5
1321,18.52,2,50,461.5,47.75
1322,18.52,2,50,461.5,47.75
1323,18.52,2,50,461.5,47.75
1324,18.52,2,50,461.5,47.75
1325,241.63,2,50,355.5,62.5
1326,241.63,2,50,355.5,62.5
1327,95.3,2,50,1135,27
1328,95.3,2,50,1135,27
1329,78.74,2,50,419,48.5
1330,78.74,2,50,419,48.5
1331,56.86,2,50,291.5,38.5
1332,56.86,2,50,291.5,38.5
1333,41.22,2,50,574,53
1334,41.22,2,50,574,53
1335,41.22,2,50,574,53
1336,41.22,2,50,574,53
1337,137.37,1,50,720,41
1338,22.95,2,50,461.5,47.75
1339,22.95,2,50,461.5,47.75
1340,176.69,3,50,315.5,51.5
1341,176.69,3,50,315.5,51.5
1342,137.14,1,50,720,41
1343,28.72,4,50,474,45.5
1344,28.72,4,50,474,45.5
1345,40.92,2,50,158.75,35.75
1346,40.92,2,50,158.75,35.75
1347,40.92,2,50,158.75,35.75
1348,40.92,2,50,158.75,35.75
1349,40.92,2,50,158.75,35.75
1350,40.92,2,50,158.75,35.75
1351,40.92,2,50,158.75,35.75
1352,40.92,2,50,158.75,35.75
1353,40.92,2,50,158.75,35.75
1354,40.92,2,50,158.75,35.75
1355,40.92,2,50,158.75,35.75
1356,40.92,2,50,158.75,35.75
1357,161.79,2,50,357.75,38.5
1358,161.79,2,50,357.75,38.5
1359,161.79,2,50,357.75,38.5
1360,161.79,2,50,357.75,38.5
1361,79.79,2,50,449,44.5
